[
    {
      "post_title": "Exploring the Future of Social Networking",
      "post_content": "<p>This is a sample post about: <strong>Exploring the Future of Social Networking</strong>. Learn more about engaging your audience effectively.</p>",
      "post_status": "publish",
      "post_author": 1,
      "post_date": "2024-08-01 10:00:00",
      "post_category": [
        "Community"
      ],
      "featured_image": "https://i.ibb.co.com/ycy0KMhT/image.png"
    },
    {
      "post_title": "How Communities Thrive in the Digital Age",
      "post_content": "<p>This is a sample post about: <strong>How Communities Thrive in the Digital Age</strong>. Learn more about engaging your audience effectively.</p>",
      "post_status": "publish",
      "post_author": 1,
      "post_date": "2024-08-02 10:00:00",
      "post_category": [
        "Technology"
      ],
      "featured_image": "https://i.ibb.co.com/TxkW0ctP/image.png"
    },
    {
      "post_title": "Top 5 Trends in Online Engagement",
      "post_content": "<p>This is a sample post about: <strong>Top 5 Trends in Online Engagement</strong>. Learn more about engaging your audience effectively.</p>",
      "post_status": "publish",
      "post_author": 1,
      "post_date": "2024-08-03 10:00:00",
      "post_category": [
        "Technology"
      ],
      "featured_image": "https://i.ibb.co.com/VcXtgYK9/image.png"
    },
    {
      "post_title": "The Role of Avatars in Virtual Identity",
      "post_content": "<p>This is a sample post about: <strong>The Role of Avatars in Virtual Identity</strong>. Learn more about engaging your audience effectively.</p>",
      "post_status": "publish",
      "post_author": 1,
      "post_date": "2024-08-04 10:00:00",
      "post_category": [
        "News"
      ],
      "featured_image": "https://i.ibb.co.com/YTk9ksZ6/image.png"
    },
    {
      "post_title": "How to Build a Thriving Online Group",
      "post_content": "<p>This is a sample post about: <strong>How to Build a Thriving Online Group</strong>. Learn more about engaging your audience effectively.</p>",
      "post_status": "publish",
      "post_author": 1,
      "post_date": "2024-08-05 10:00:00",
      "post_category": [
        "Tips"
      ],
      "featured_image": "https://i.ibb.co.com/ycy0KMhT/image.png"
    },
    {
      "post_title": "Understanding Reactions in Social Media",
      "post_content": "<p>This is a sample post about: <strong>Understanding Reactions in Social Media</strong>. Learn more about engaging your audience effectively.</p>",
      "post_status": "publish",
      "post_author": 1,
      "post_date": "2024-08-06 10:00:00",
      "post_category": [
        "News"
      ],
      "featured_image": "https://i.ibb.co.com/XZ3rD05Y/image.png"
    },
    {
      "post_title": "Designing with User Interaction in Mind",
      "post_content": "<p>This is a sample post about: <strong>Designing with User Interaction in Mind</strong>. Learn more about engaging your audience effectively.</p>",
      "post_status": "publish",
      "post_author": 1,
      "post_date": "2024-08-07 10:00:00",
      "post_category": [
        "Design"
      ],
      "featured_image": "https://i.ibb.co.com/DfkHPszb/image.png"
    },
    {
      "post_title": "The Psychology Behind Online Communities",
      "post_content": "<p>This is a sample post about: <strong>The Psychology Behind Online Communities</strong>. Learn more about engaging your audience effectively.</p>",
      "post_status": "publish",
      "post_author": 1,
      "post_date": "2024-08-08 10:00:00",
      "post_category": [
        "Community"
      ],
      "featured_image": "https://i.ibb.co.com/YTk9ksZ6/image.png"
    },
    {
      "post_title": "10 Tips for Better Digital Storytelling",
      "post_content": "<p>This is a sample post about: <strong>10 Tips for Better Digital Storytelling</strong>. Learn more about engaging your audience effectively.</p>",
      "post_status": "publish",
      "post_author": 1,
      "post_date": "2024-08-09 10:00:00",
      "post_category": [
        "Community"
      ],
      "featured_image": "https://i.ibb.co.com/nsH5T1mX/image.png"
    },
    {
      "post_title": "How WordPress Powers Social Networks",
      "post_content": "<p>This is a sample post about: <strong>How WordPress Powers Social Networks</strong>. Learn more about engaging your audience effectively.</p>",
      "post_status": "publish",
      "post_author": 1,
      "post_date": "2024-08-10 10:00:00",
      "post_category": [
        "Design"
      ],
      "featured_image": "https://i.ibb.co.com/TxkW0ctP/image.png"
    }
  ]