[
  {
    "id": "ACT001",
    "content": "Career high stuff represent.",
    "timestamp": 1743811200,
    "author": 3,
    "author_name": "mmccoy",
    "reactions": {
      "like": {
        "count": 0,
        "users": []
      },
      "love": {
        "count": 1,
        "users": [
          1
        ]
      },
      "haha": {
        "count": 1,
        "users": [
          1
        ]
      },
      "wow": {
        "count": 2,
        "users": [
          3,
          1
        ]
      },
      "angry": {
        "count": 2,
        "users": [
          1,
          2
        ]
      },
      "cry": {
        "count": 0,
        "users": []
      }
    },
    "comments": [
      {
        "ID": "CMT0011",
        "content": "Cut candidate company court garden institution.",
        "time": 1743811260,
        "author": 2,
        "author_name": "btorres",
        "author_url": "http://theme-dev-new.local",
        "avatar": "//www.gravatar.com/avatar/2d1c5133d9b8791325fc596b7020d0eb?s=96&r=g&d=mm",
        "reactions": {
          "like": {
            "count": 0,
            "users": []
          },
          "love": {
            "count": 1,
            "users": [
              2
            ]
          },
          "haha": {
            "count": 2,
            "users": [
              3,
              2
            ]
          },
          "wow": {
            "count": 0,
            "users": []
          },
          "angry": {
            "count": 2,
            "users": [
              3,
              2
            ]
          },
          "cry": {
            "count": 1,
            "users": [
              2
            ]
          }
        },
        "replies": [
          {
            "reply_author": 1,
            "reply_content": "Not key effort cut.",
            "reply_time": 1743811320,
            "reactions": {
              "like": {
                "count": 1,
                "users": [
                  3
                ]
              },
              "love": {
                "count": 0,
                "users": []
              },
              "haha": {
                "count": 0,
                "users": []
              },
              "wow": {
                "count": 0,
                "users": []
              },
              "angry": {
                "count": 0,
                "users": []
              },
              "cry": {
                "count": 2,
                "users": [
                  2,
                  3
                ]
              }
            }
          }
        ]
      }
    ],
    "media": [
      {
        "thumb": [
          "https://images.unsplash.com/photo-1503023345310-bd7c1de61c7d",
          300,
          200,
          false
        ],
        "full": "https://images.unsplash.com/photo-1503023345310-bd7c1de61c7d",
        "attachment_id": "304",
        "attachment_type": "image/jpeg"
      },
      {
        "thumb": [
          "https://images.unsplash.com/photo-1498050108023-c5249f4df085",
          300,
          200,
          false
        ],
        "full": "https://images.unsplash.com/photo-1498050108023-c5249f4df085",
        "attachment_id": "342",
        "attachment_type": "image/jpeg"
      }
    ]
  },
  {
    "id": "ACT002",
    "content": "Just else realize style work expect environmental.",
    "timestamp": 1743811260,
    "author": 2,
    "author_name": "floresgerald",
    "reactions": {
      "like": {
        "count": 1,
        "users": [
          2
        ]
      },
      "love": {
        "count": 1,
        "users": [
          3
        ]
      },
      "haha": {
        "count": 2,
        "users": [
          3,
          2
        ]
      },
      "wow": {
        "count": 2,
        "users": [
          2,
          1
        ]
      },
      "angry": {
        "count": 2,
        "users": [
          3,
          1
        ]
      },
      "cry": {
        "count": 1,
        "users": [
          3
        ]
      }
    },
    "comments": [
      {
        "ID": "CMT0021",
        "content": "Box policy close well reflect figure.",
        "time": 1743811320,
        "author": 3,
        "author_name": "david05",
        "author_url": "http://theme-dev-new.local",
        "avatar": "//www.gravatar.com/avatar/2d1c5133d9b8791325fc596b7020d0eb?s=96&r=g&d=mm",
        "reactions": {
          "like": {
            "count": 1,
            "users": [
              1
            ]
          },
          "love": {
            "count": 1,
            "users": [
              3
            ]
          },
          "haha": {
            "count": 0,
            "users": []
          },
          "wow": {
            "count": 1,
            "users": [
              2
            ]
          },
          "angry": {
            "count": 2,
            "users": [
              2,
              3
            ]
          },
          "cry": {
            "count": 2,
            "users": [
              1,
              3
            ]
          }
        },
        "replies": [
          {
            "reply_author": 2,
            "reply_content": "Allow employee after house.",
            "reply_time": 1743811380,
            "reactions": {
              "like": {
                "count": 1,
                "users": [
                  1
                ]
              },
              "love": {
                "count": 0,
                "users": []
              },
              "haha": {
                "count": 2,
                "users": [
                  2,
                  1
                ]
              },
              "wow": {
                "count": 0,
                "users": []
              },
              "angry": {
                "count": 0,
                "users": []
              },
              "cry": {
                "count": 1,
                "users": [
                  3
                ]
              }
            }
          }
        ]
      },
      {
        "ID": "CMT0022",
        "content": "According front wide stage air strong.",
        "time": 1743811380,
        "author": 1,
        "author_name": "kbailey",
        "author_url": "http://theme-dev-new.local",
        "avatar": "//www.gravatar.com/avatar/2d1c5133d9b8791325fc596b7020d0eb?s=96&r=g&d=mm",
        "reactions": {
          "like": {
            "count": 2,
            "users": [
              1,
              2
            ]
          },
          "love": {
            "count": 0,
            "users": []
          },
          "haha": {
            "count": 1,
            "users": [
              1
            ]
          },
          "wow": {
            "count": 2,
            "users": [
              3,
              2
            ]
          },
          "angry": {
            "count": 2,
            "users": [
              1,
              2
            ]
          },
          "cry": {
            "count": 2,
            "users": [
              3,
              1
            ]
          }
        },
        "replies": []
      }
    ],
    "media": [
      {
        "thumb": [
          "https://images.unsplash.com/photo-1503023345310-bd7c1de61c7d",
          300,
          200,
          false
        ],
        "full": "https://images.unsplash.com/photo-1503023345310-bd7c1de61c7d",
        "attachment_id": "364",
        "attachment_type": "image/jpeg"
      }
    ]
  },
  {
    "id": "ACT003",
    "content": "Company ok Mrs.",
    "timestamp": 1743811320,
    "author": 3,
    "author_name": "nwilliams",
    "reactions": {
      "like": {
        "count": 2,
        "users": [
          2,
          1
        ]
      },
      "love": {
        "count": 1,
        "users": [
          3
        ]
      },
      "haha": {
        "count": 1,
        "users": [
          2
        ]
      },
      "wow": {
        "count": 2,
        "users": [
          3,
          1
        ]
      },
      "angry": {
        "count": 0,
        "users": []
      },
      "cry": {
        "count": 0,
        "users": []
      }
    },
    "comments": [
      {
        "ID": "CMT0031",
        "content": "Large expert team available.",
        "time": 1743811380,
        "author": 2,
        "author_name": "phull",
        "author_url": "http://theme-dev-new.local",
        "avatar": "//www.gravatar.com/avatar/2d1c5133d9b8791325fc596b7020d0eb?s=96&r=g&d=mm",
        "reactions": {
          "like": {
            "count": 2,
            "users": [
              3,
              1
            ]
          },
          "love": {
            "count": 1,
            "users": [
              2
            ]
          },
          "haha": {
            "count": 0,
            "users": []
          },
          "wow": {
            "count": 0,
            "users": []
          },
          "angry": {
            "count": 2,
            "users": [
              3,
              1
            ]
          },
          "cry": {
            "count": 0,
            "users": []
          }
        },
        "replies": []
      }
    ],
    "media": [
      {
        "thumb": [
          "https://images.unsplash.com/photo-1605460375648-278bcbd579a6",
          300,
          200,
          false
        ],
        "full": "https://images.unsplash.com/photo-1605460375648-278bcbd579a6",
        "attachment_id": "393",
        "attachment_type": "image/jpeg"
      },
      {
        "thumb": [
          "https://images.unsplash.com/photo-1503023345310-bd7c1de61c7d",
          300,
          200,
          false
        ],
        "full": "https://images.unsplash.com/photo-1503023345310-bd7c1de61c7d",
        "attachment_id": "390",
        "attachment_type": "image/jpeg"
      }
    ]
  },
  {
    "id": "ACT004",
    "content": "Son compare answer away skin bad different.",
    "timestamp": 1743811380,
    "author": 3,
    "author_name": "shawn05",
    "reactions": {
      "like": {
        "count": 2,
        "users": [
          2,
          1
        ]
      },
      "love": {
        "count": 1,
        "users": [
          2
        ]
      },
      "haha": {
        "count": 0,
        "users": []
      },
      "wow": {
        "count": 2,
        "users": [
          1,
          2
        ]
      },
      "angry": {
        "count": 0,
        "users": []
      },
      "cry": {
        "count": 1,
        "users": [
          2
        ]
      }
    },
    "comments": [
      {
        "ID": "CMT0041",
        "content": "Production my people.",
        "time": 1743811440,
        "author": 2,
        "author_name": "williamwilliams",
        "author_url": "http://theme-dev-new.local",
        "avatar": "//www.gravatar.com/avatar/2d1c5133d9b8791325fc596b7020d0eb?s=96&r=g&d=mm",
        "reactions": {
          "like": {
            "count": 2,
            "users": [
              3,
              2
            ]
          },
          "love": {
            "count": 0,
            "users": []
          },
          "haha": {
            "count": 2,
            "users": [
              2,
              1
            ]
          },
          "wow": {
            "count": 2,
            "users": [
              3,
              2
            ]
          },
          "angry": {
            "count": 0,
            "users": []
          },
          "cry": {
            "count": 2,
            "users": [
              3,
              2
            ]
          }
        },
        "replies": []
      }
    ],
    "media": []
  },
  {
    "id": "ACT005",
    "content": "Reach upon few.",
    "timestamp": 1743811440,
    "author": 1,
    "author_name": "beverlywillis",
    "reactions": {
      "like": {
        "count": 2,
        "users": [
          3,
          1
        ]
      },
      "love": {
        "count": 1,
        "users": [
          1
        ]
      },
      "haha": {
        "count": 2,
        "users": [
          3,
          2
        ]
      },
      "wow": {
        "count": 2,
        "users": [
          3,
          2
        ]
      },
      "angry": {
        "count": 0,
        "users": []
      },
      "cry": {
        "count": 0,
        "users": []
      }
    },
    "comments": [
      {
        "ID": "CMT0051",
        "content": "View detail successful.",
        "time": 1743811500,
        "author": 3,
        "author_name": "joshuacarson",
        "author_url": "http://theme-dev-new.local",
        "avatar": "//www.gravatar.com/avatar/2d1c5133d9b8791325fc596b7020d0eb?s=96&r=g&d=mm",
        "reactions": {
          "like": {
            "count": 0,
            "users": []
          },
          "love": {
            "count": 1,
            "users": [
              3
            ]
          },
          "haha": {
            "count": 1,
            "users": [
              1
            ]
          },
          "wow": {
            "count": 1,
            "users": [
              3
            ]
          },
          "angry": {
            "count": 1,
            "users": [
              1
            ]
          },
          "cry": {
            "count": 1,
            "users": [
              1
            ]
          }
        },
        "replies": []
      },
      {
        "ID": "CMT0052",
        "content": "Meeting local tough.",
        "time": 1743811560,
        "author": 3,
        "author_name": "kathleen18",
        "author_url": "http://theme-dev-new.local",
        "avatar": "//www.gravatar.com/avatar/2d1c5133d9b8791325fc596b7020d0eb?s=96&r=g&d=mm",
        "reactions": {
          "like": {
            "count": 2,
            "users": [
              3,
              1
            ]
          },
          "love": {
            "count": 1,
            "users": [
              3
            ]
          },
          "haha": {
            "count": 1,
            "users": [
              1
            ]
          },
          "wow": {
            "count": 1,
            "users": [
              1
            ]
          },
          "angry": {
            "count": 0,
            "users": []
          },
          "cry": {
            "count": 1,
            "users": [
              2
            ]
          }
        },
        "replies": []
      }
    ],
    "media": []
  },
  {
    "id": "ACT006",
    "content": "Drop water management tree.",
    "timestamp": 1743811500,
    "author": 1,
    "author_name": "wardlaura",
    "reactions": {
      "like": {
        "count": 2,
        "users": [
          2,
          3
        ]
      },
      "love": {
        "count": 0,
        "users": []
      },
      "haha": {
        "count": 0,
        "users": []
      },
      "wow": {
        "count": 1,
        "users": [
          3
        ]
      },
      "angry": {
        "count": 0,
        "users": []
      },
      "cry": {
        "count": 0,
        "users": []
      }
    },
    "comments": [],
    "media": []
  },
  {
    "id": "ACT007",
    "content": "System brother send window mind authority while.",
    "timestamp": 1743811560,
    "author": 3,
    "author_name": "scompton",
    "reactions": {
      "like": {
        "count": 2,
        "users": [
          1,
          3
        ]
      },
      "love": {
        "count": 2,
        "users": [
          1,
          2
        ]
      },
      "haha": {
        "count": 0,
        "users": []
      },
      "wow": {
        "count": 1,
        "users": [
          3
        ]
      },
      "angry": {
        "count": 1,
        "users": [
          2
        ]
      },
      "cry": {
        "count": 0,
        "users": []
      }
    },
    "comments": [],
    "media": []
  },
  {
    "id": "ACT008",
    "content": "Attention create across approach.",
    "timestamp": 1743811620,
    "author": 2,
    "author_name": "yvonne10",
    "reactions": {
      "like": {
        "count": 1,
        "users": [
          2
        ]
      },
      "love": {
        "count": 0,
        "users": []
      },
      "haha": {
        "count": 1,
        "users": [
          1
        ]
      },
      "wow": {
        "count": 2,
        "users": [
          1,
          3
        ]
      },
      "angry": {
        "count": 0,
        "users": []
      },
      "cry": {
        "count": 2,
        "users": [
          2,
          1
        ]
      }
    },
    "comments": [],
    "media": []
  },
  {
    "id": "ACT009",
    "content": "Season health friend off however.",
    "timestamp": 1743811680,
    "author": 2,
    "author_name": "gibsonstephanie",
    "reactions": {
      "like": {
        "count": 1,
        "users": [
          2
        ]
      },
      "love": {
        "count": 0,
        "users": []
      },
      "haha": {
        "count": 1,
        "users": [
          3
        ]
      },
      "wow": {
        "count": 0,
        "users": []
      },
      "angry": {
        "count": 2,
        "users": [
          3,
          1
        ]
      },
      "cry": {
        "count": 2,
        "users": [
          3,
          1
        ]
      }
    },
    "comments": [],
    "media": []
  },
  {
    "id": "ACT010",
    "content": "Spring picture could above red garden maybe.",
    "timestamp": 1743811740,
    "author": 2,
    "author_name": "juliescott",
    "reactions": {
      "like": {
        "count": 2,
        "users": [
          1,
          3
        ]
      },
      "love": {
        "count": 0,
        "users": []
      },
      "haha": {
        "count": 1,
        "users": [
          1
        ]
      },
      "wow": {
        "count": 1,
        "users": [
          3
        ]
      },
      "angry": {
        "count": 0,
        "users": []
      },
      "cry": {
        "count": 2,
        "users": [
          1,
          3
        ]
      }
    },
    "comments": [],
    "media": []
  }
]