[
  {
    "name": "Fitness Motivation",
    "description": "Daily inspiration for staying fit and active.",
    "creator_id": 3,
    "status": "public",
    "created_at": "2024-08-03 00:00:00",
    "group_image": "https://i.ibb.co.com/g8cnDrp/image.png",
    "cover_image": "https://i.ibb.co.com/ycy0KMhT/image.png",
    "members": [
      2,
      5,
      3
    ]
  },
  {
    "name": "Photography Circle",
    "description": "Post your shots, tips, and gear here!",
    "creator_id": 3,
    "status": "public",
    "created_at": "2024-08-04 00:00:00",
    "group_image": "https://i.ibb.co.com/XxfBkVMZ/image.png",
    "cover_image": "https://i.ibb.co.com/TxkW0ctP/image.png",
    "members": [
      3,
      5
    ]
  },
  {
    "name": "Gaming Legends",
    "description": "For those who eat, sleep, and breathe games.",
    "creator_id": 2,
    "status": "public",
    "created_at": "2024-08-05 00:00:00",
    "group_image": "https://i.ibb.co.com/1fsG6jk5/image.png",
    "cover_image": "https://i.ibb.co.com/VcXtgYK9/image.png",
    "members": [
      2,
      5
    ]
  },
  {
    "name": "Music Makers",
    "description": "Musicians and producers sharing tunes and feedback.",
    "creator_id": 3,
    "status": "public",
    "created_at": "2024-08-10 00:00:00",
    "group_image": "https://i.ibb.co.com/7tVphNh3/image.png",
    "cover_image": "https://images.unsplash.com/photo-1516637090014-cb1ab78511f5?auto=format&fit=crop&w=1200&h=400&q=80",
    "members": [
      3,
      6
    ]
  }
]