[
    {
        "menu": {
            "id": 23,
            "name": "Main Menu",
            "slug": "main-menu"
        },
        "items": [
            {
                "id": 2337,
                "title": "Activity",
                "url": "\/activity",
                "parent": "0",
                "order": 1
            },
            {
                "id": 1391,
                "title": "Members",
                "url": "\/members\/",
                "parent": "0",
                "order": 2
            },
            {
                "id": 1390,
                "title": "Groups",
                "url": "\/groups\/",
                "parent": "0",
                "order": 3
            },
            {
                "id": 4845,
                "title": "Forums",
                "url": "\/forum-activity\/",
                "parent": "0",
                "order": 4
            },
            {
                "id": 4657,
                "title": "Forum Activity",
                "url": "\/forum-activity\/",
                "parent": "4845",
                "order": 5
            },
            {
                "id": 1650,
                "title": "Community Forums",
                "url": "\/community-forums\/",
                "parent": "4845",
                "order": 6
            },
            {
                "id": 1461,
                "title": "Classic Layout",
                "url": "\/classic-layout\/",
                "parent": "4845",
                "order": 7
            },
            {
                "id": 1451,
                "title": "Create New Post",
                "url": "\/create-post\/",
                "parent": "4845",
                "order": 8
            },
            {
                "id": 2082,
                "title": "Integrations",
                "url": "#",
                "parent": "0",
                "order": 9
            },
            {
                "id": 6392,
                "title": "Elementor",
                "url": "#",
                "parent": "2082",
                "order": 10
            },
            {
                "id": 6454,
                "title": "Activity Feed",
                "url": "\/activity-feed\/",
                "parent": "6392",
                "order": 11
            },
            {
                "id": 2562,
                "title": "Extranet",
                "url": "\/extranet\/",
                "parent": "6392",
                "order": 12
            },
            {
                "id": 1737,
                "title": "One Community",
                "url": "\/one-community\/",
                "parent": "6392",
                "order": 13
            },
            {
                "id": 2132,
                "title": "Course Hub",
                "url": "\/course-hub\/",
                "parent": "6392",
                "order": 14
            },
            {
                "id": 2140,
                "title": "Instructor Coaches",
                "url": "\/instructor-coaches\/",
                "parent": "6392",
                "order": 15
            },
            {
                "id": 2156,
                "title": "Online Academy",
                "url": "\/online-academy\/",
                "parent": "6392",
                "order": 16
            },
            {
                "id": 1977,
                "title": "Instructor",
                "url": "\/instructor-1\/",
                "parent": "6392",
                "order": 17
            },
            {
                "id": 1965,
                "title": "Instructor 1",
                "url": "\/instructor-1\/",
                "parent": "1977",
                "order": 18
            },
            {
                "id": 1988,
                "title": "Instructor 2",
                "url": "\/instructor-2\/",
                "parent": "1977",
                "order": 19
            },
            {
                "id": 1616,
                "title": "About us",
                "url": "\/about-us\/",
                "parent": "6392",
                "order": 20
            },
            {
                "id": 2012,
                "title": "About us 1",
                "url": "\/about-us\/",
                "parent": "1616",
                "order": 21
            },
            {
                "id": 2011,
                "title": "About us 2",
                "url": "\/about-us-2\/",
                "parent": "1616",
                "order": 22
            },
            {
                "id": 2021,
                "title": "Course",
                "url": "\/courses\/",
                "parent": "2082",
                "order": 23
            },
            {
                "id": 2064,
                "title": "All Courses",
                "url": "\/all-courses\/",
                "parent": "2021",
                "order": 24
            },
            {
                "id": 2029,
                "title": "Course Category",
                "url": "\/course-category\/",
                "parent": "2021",
                "order": 25
            },
            {
                "id": 2060,
                "title": "Course Filter",
                "url": "\/course-filter\/",
                "parent": "2021",
                "order": 26
            },
            {
                "id": 2061,
                "title": "Course Single",
                "url": "\/courses\/digital-transformation-masterclass\/",
                "parent": "2021",
                "order": 27
            },
            {
                "id": 2096,
                "title": "My Dashboard",
                "url": "\/lp-profile\/",
                "parent": "2021",
                "order": 28
            },
            {
                "id": 2022,
                "title": "Instructors",
                "url": "\/instructors\/",
                "parent": "2021",
                "order": 29
            },
            {
                "id": 4324,
                "title": "Paid Memberships Pro",
                "url": "\/membership-account\/",
                "parent": "2082",
                "order": 30
            },
            {
                "id": 4323,
                "title": "My Accounts",
                "url": "\/membership-account\/",
                "parent": "4324",
                "order": 31
            },
            {
                "id": 4425,
                "title": "My Orders",
                "url": "\/membership-account\/membership-orders\/",
                "parent": "4324",
                "order": 32
            },
            {
                "id": 4427,
                "title": "My Memberships",
                "url": "\/membership-account\/membership-cancel\/",
                "parent": "4324",
                "order": 33
            },
            {
                "id": 4612,
                "title": "Membership Levels",
                "url": "\/membership-levels\/",
                "parent": "4324",
                "order": 34
            },
            {
                "id": 4424,
                "title": "Pricing Page",
                "url": "\/pricing-page\/",
                "parent": "4324",
                "order": 35
            },
            {
                "id": 1622,
                "title": "Event Calender",
                "url": "\/events\/",
                "parent": "2082",
                "order": 36
            },
            {
                "id": 1624,
                "title": "All Events",
                "url": "\/events\/",
                "parent": "1622",
                "order": 37
            },
            {
                "id": 1626,
                "title": "Event Single Page",
                "url": "\/event\/meal-planning-for-weight-loss\/",
                "parent": "1622",
                "order": 38
            },
            {
                "id": 3314,
                "title": "RSVPs",
                "url": "\/event\/the-future-of-fund-management\/tickets\/",
                "parent": "1622",
                "order": 39
            },
            {
                "id": 1625,
                "title": "Checkout",
                "url": "\/tickets-checkout\/",
                "parent": "1622",
                "order": 40
            },
            {
                "id": 2219,
                "title": "Shop",
                "url": "\/shop\/",
                "parent": "2082",
                "order": 41
            },
            {
                "id": 1795,
                "title": "All Products",
                "url": "\/shop",
                "parent": "2219",
                "order": 42
            },
            {
                "id": 2097,
                "title": "My account",
                "url": "\/my-account\/",
                "parent": "2219",
                "order": 43
            },
            {
                "id": 1790,
                "title": "Orders",
                "url": "\/members\/one\/shop\/orders\/",
                "parent": "2219",
                "order": 44
            },
            {
                "id": 1791,
                "title": "Downloads",
                "url": "\/members\/one\/shop\/downloads\/",
                "parent": "2219",
                "order": 45
            },
            {
                "id": 1792,
                "title": "Addresses",
                "url": "\/members\/one\/shop\/addresses\/edit-address\/",
                "parent": "2219",
                "order": 46
            },
            {
                "id": 3845,
                "title": "Directory Listings",
                "url": "\/all-listings\/",
                "parent": "2082",
                "order": 47
            },
            {
                "id": 3835,
                "title": "All Listings",
                "url": "\/all-listings\/",
                "parent": "3845",
                "order": 48
            },
            {
                "id": 3851,
                "title": "Add Listing",
                "url": "\/add-listing\/",
                "parent": "3845",
                "order": 49
            },
            {
                "id": 5097,
                "title": "Directorist Dashboard",
                "url": "\/dashboard\/",
                "parent": "3845",
                "order": 50
            },
            {
                "id": 3832,
                "title": "Author Profile",
                "url": "\/author-profile\/",
                "parent": "3845",
                "order": 51
            },
            {
                "id": 2830,
                "title": "Job Manager",
                "url": "\/jobs\/",
                "parent": "2082",
                "order": 52
            },
            {
                "id": 2827,
                "title": "All Jobs",
                "url": "\/jobs\/",
                "parent": "2830",
                "order": 53
            },
            {
                "id": 2945,
                "title": "Job Single Page",
                "url": "\/job\/chief-editor-ericsson\/",
                "parent": "2830",
                "order": 54
            },
            {
                "id": 2825,
                "title": "Dashboard",
                "url": "\/job-dashboard\/",
                "parent": "2830",
                "order": 55
            },
            {
                "id": 2826,
                "title": "Post a Job",
                "url": "\/post-a-job\/",
                "parent": "2830",
                "order": 56
            },
            {
                "id": 1393,
                "title": "Pages",
                "url": "#",
                "parent": "0",
                "order": 57
            },
            {
                "id": 3525,
                "title": "Blog",
                "url": "\/blog\/",
                "parent": "1393",
                "order": 58
            },
            {
                "id": 3526,
                "title": "Blog Default",
                "url": "\/blog\/",
                "parent": "3525",
                "order": 59
            },
            {
                "id": 1918,
                "title": "Blog Grid",
                "url": "\/blog-grid\/",
                "parent": "3525",
                "order": 60
            },
            {
                "id": 3527,
                "title": "Blog Classic",
                "url": "\/blog-classic\/",
                "parent": "3525",
                "order": 61
            },
            {
                "id": 1951,
                "title": "Blog Mordern",
                "url": "\/blog-mordern\/",
                "parent": "3525",
                "order": 62
            },
            {
                "id": 1954,
                "title": "Blog Single",
                "url": "\/the-best-hotels-and-resorts-in-europe-and-the-uk-the-gold-list-2025\/",
                "parent": "3525",
                "order": 63
            },
            {
                "id": 1798,
                "title": "Photos",
                "url": "\/photos\/",
                "parent": "1393",
                "order": 64
            },
            {
                "id": 4274,
                "title": "Videos",
                "url": "\/videos\/",
                "parent": "1393",
                "order": 65
            },
            {
                "id": 4273,
                "title": "Documents",
                "url": "\/documents\/",
                "parent": "1393",
                "order": 66
            },
            {
                "id": 6690,
                "title": "Login Form",
                "url": "\/account\/",
                "parent": "1393",
                "order": 67
            },
            {
                "id": 1440,
                "title": "FAQs",
                "url": "\/faqs\/",
                "parent": "1393",
                "order": 68
            }
        ]
    },
    {
        "menu": {
            "id": 248,
            "name": "Secondary Menu",
            "slug": "secondary-menu"
        },
        "items": [
            {
                "id": 5066,
                "title": "Activity",
                "url": "\/activity\/",
                "parent": "0",
                "order": 1
            },
            {
                "id": 5067,
                "title": "Groups",
                "url": "\/groups\/",
                "parent": "0",
                "order": 2
            },
            {
                "id": 5068,
                "title": "Members",
                "url": "\/members\/",
                "parent": "0",
                "order": 3
            },
            {
                "id": 5069,
                "title": "Forums",
                "url": "\/forum-activity\/",
                "parent": "0",
                "order": 4
            }
        ]
    },
    {
        "menu": {
            "id": 58,
            "name": "Sidebar Nav",
            "slug": "sidebar-nav"
        },
        "items": [
            {
                "id": 1420,
                "title": "Timeline",
                "url": "\/members\/one\/activity\/",
                "parent": "0",
                "order": 1,
                "icon": "https://one.tophivetheme.com/wp-content/uploads/2025/06/Home-1.svg"
            },
            {
                "id": 1418,
                "title": "Friends",
                "url": "\/members\/one\/friends\/",
                "parent": "0",
                "order": 2,
                "icon": "https://one.tophivetheme.com/wp-content/uploads/2025/06/Profile-Add-1.svg"
            },
            {
                "id": 1422,
                "title": "Groups",
                "url": "\/members\/one\/groups\/",
                "parent": "0",
                "order": 3,
                "icon": "https://one.tophivetheme.com/wp-content/uploads/2025/06/Group-3.svg"
            },
            {
                "id": 1419,
                "title": "Messages",
                "url": "\/members\/one\/messages\/",
                "parent": "0",
                "order": 4,
                "icon": "https://one.tophivetheme.com/wp-content/uploads/2025/06/Message-7.svg"
            },
            {
                "id": 4607,
                "title": "Photos",
                "url": "\/photos\/",
                "parent": "0",
                "order": 5,
                "icon": "https://one.tophivetheme.com/wp-content/uploads/2025/06/Image.svg"
            },
            {
                "id": 6564,
                "title": "Videos",
                "url": "\/videos\/",
                "parent": "0",
                "order": 6,
                "icon": "https://one.tophivetheme.com/wp-content/uploads/2025/06/Video-2.svg"
            },
            {
                "id": 6571,
                "title": "Documents",
                "url": "\/documents\/",
                "parent": "0",
                "order": 7,
                "icon": "https://one.tophivetheme.com/wp-content/uploads/2025/06/Document-Align-Right-9.svg"
            }
        ]
    },
    {
        "menu": {
            "id": 246,
            "name": "Tertiery Menu",
            "slug": "tertiery-menu"
        },
        "items": [
            {
                "id": 4290,
                "title": "Account Settings",
                "url": "\/members\/one\/settings\/",
                "parent": "0",
                "order": 1
            },
            {
                "id": 4467,
                "title": "My Memberships",
                "url": "\/membership-account\/",
                "parent": "0",
                "order": 2
            },
            {
                "id": 4291,
                "title": "Invitations",
                "url": "\/members\/one\/invitations\/",
                "parent": "0",
                "order": 3
            },
            {
                "id": 4292,
                "title": "Log Out",
                "url": "\/wp-login.php?action=logout&_wpnonce=e1177853a0&redirect_to=https%3A%2F%2Fone.tophivetheme.com%2Fwp-admin%2Fnav-menus.php%3Faction%3Dedit%26menu%3D58%26loggedout%3Dtrue",
                "parent": "0",
                "order": 4
            }
        ]
    }
]