[
    {
        "title": "Prompt Library",
        "content": "Over <strong><u>25,000</u></strong> Free <strong>Midjourney Prompts</strong> for Your Inspiration (also ChatGPT, Gemini, Dall-e, Ideogram, Flux compatible)",
        "author": "1",
        "date": "2025-05-11 18:46:51",
        "forum_id": "1470",
        "replies": [
            {
                "content": "<p>new prompt</p>",
                "author": "1",
                "date": "2025-06-04 13:46:57"
            },
            {
                "content": "<strong>Prompt \u27e2</strong> A hyper-realistic anthropomorphic silver back gorilla wearing an oversized ivory tall tee extending past the knees, mimicking the creamy white opacity of tonkotsu broth. He pairs it with saggy baggy jeans in a greasy bone-gray wash, echoing the fatty sheen of pork back fat. His sneakers are pristine high-top basketball shoes with a pearly finish, referencing collagen-rich marrow. Around his neck, a massive platinum chain holds a pendant shaped like a steaming bowl of ramen.\r\n\r\nSettings\u2935\r\n\r\n--ar 9:16 --raw --stylize 150 --v 7\r\n\r\n<img class=\"alignnone wp-image-3490 size-large\" src=\"https://one.tophivetheme.com/wp-content/uploads/2025/05/mx.pov_._A_hyper-realistic_anthropomorphic_silver_back_gorilla_w_fbaa123a-1494-4db1-8284-ab3c3129e870-1-574x1024.jpg\" alt=\"\" width=\"574\" height=\"1024\" />\r\n\r\n&nbsp;",
                "author": "7",
                "date": "2025-05-11 18:52:27"
            },
            {
                "content": "<strong>Prompt \u27e2</strong> This scene blends the essence of the classic Windows desktop with inspiration from Do Androids Dream of Electric Sheep?, creating a surreal mix of technology and nature.\r\n\r\nSettings\u2935\r\n\r\nModel: BIONIC DREAM | Aspect Ratio: 3:4\r\n\r\n<img class=\"alignnone wp-image-3481 size-large\" src=\"https://one.tophivetheme.com/wp-content/uploads/2025/05/fauxleo-1024x1024.jpg\" alt=\"\" width=\"843\" height=\"843\" />",
                "author": "5",
                "date": "2025-05-11 18:50:29"
            },
            {
                "content": "<p>Prompt \u27e2 Pixar-style illustration of a young boy, mouth wide open in a full-blown cry, tears streaming down his face. His facial expression is exaggerated, with large, teary eyes and furrowed brows, showcasing intense emotion.</p><p>Settings\u2935</p><p>Model: Flux Dev | Aspect Ratio: 3:4</p>",
                "author": "9",
                "date": "2025-05-11 18:49:17"
            }
        ]
    },
    {
        "title": "Can I modify the financial aid?",
        "content": "<p>Before 4 days I got approval for IT System certificate financial aid, but I want to submit for another course because I'm an civil Engineer and Project Management course is closer to my major.&nbsp;</p><p><br></p><p>So Please I can change it from IT System to Project Management, knowing that I already got approval before 4 days.&nbsp;Also If I can to change the course, can I submit a financial aid for All courses in Project Management certificate ?&nbsp;If I submit for all certificate in onetime , Is there a duration for the start of the course, or is there free time to start the course at any time? I mean that I will apply for all courses and that I will start with the first, but is there a duration for me to start with the second or third, meaning will they expire before I finish the first?</p>",
        "author": "6",
        "date": "2025-05-11 17:09:32",
        "forum_id": "3117",
        "replies": [
            {
                "content": "<p><strong style=\"color: rgb(51, 51, 51);\">Welcome!</strong><span style=\"color: rgb(51, 51, 51);\">&nbsp;</span><u style=\"color: rgb(51, 51, 51);\">Regarding your queries</u><span style=\"color: rgb(51, 51, 51);\">: If you want to change your previous approved financial aid from IT to Project Management means unfortunately&nbsp;</span><strong style=\"color: rgb(51, 51, 51);\">cannot</strong><span style=\"color: rgb(51, 51, 51);\">&nbsp;transfer or change Financial Aid or a Scholarship across different courses. So, you should apply financial aid for Google Project Management course separately. Go to Project Management course main page and apply financial aid for it. Yes, you can submit financial aid application for all courses in the Project Management course. Additionally, you can submit up to&nbsp;</span><strong style=\"color: rgb(51, 51, 51);\">10</strong><span style=\"color: rgb(51, 51, 51);\">&nbsp;financial aid applications simultaneously. </span></p><p><em style=\"color: rgb(51, 51, 51);\">However</em><span style=\"color: rgb(51, 51, 51);\">, once you have reached the maximum of 10 applications, you will not be able to apply for financial aid for any additional courses until at least one of your applications is fully approved. Once your financial aid is approved again you can submit applications for any course there is&nbsp;</span><strong style=\"color: rgb(51, 51, 51);\">no&nbsp;limit</strong><span style=\"color: rgb(51, 51, 51);\">.\u200b</span></p><p><em>H\u200bope helps you.\u200b</em></p><p>G\u200bood luck!</p>",
                "author": "1",
                "date": "2025-06-04 20:08:24"
            }
        ]
    },
    {
        "title": "I am enrolled in the Google IT Professional Certificates course",
        "content": "<p><span>I don\u2019t know about anyone else, but I don\u2019t find the discussion forum helpful at all. I am enrolled in&nbsp;the Google IT Professional Certificates course. People are just posting individual messages, and no one ever replies or discusses anything with each other. I am a bit disappointed</span></p>",
        "author": "7",
        "date": "2025-05-11 16:45:15",
        "forum_id": "3117",
        "replies": [
            {
                "content": "<p><span>Thank you! @admin</span></p>",
                "author": "7",
                "date": "2025-05-11 16:47:27"
            },
            {
                "content": "<p>@charles yau It sounds frustrating , but you could do something about this! Many years ago, the Mentor Forums were filled with nothing but help me, fix this and other problems. I couldn\u2019t believe all of these people with all of their knowledge and love for learning had nothing more to say. So I started writing threads I thought might interest others. Before you know it, it grew and grew until many other people were writing interesting threads as well. You could do this. You could try anyway.</p><p><span style=\"color: rgb(51, 51, 51);\">This community is a very interesting place to visit. The subject forms have interesting threads. I am a co-leader in the music forum here. You will find many interesting discussions as well as examples of music that people enjoy. I hope this gives you some ideas of how you can help build your discussion forum.</span></p>",
                "author": "1",
                "date": "2025-05-11 16:46:32"
            }
        ]
    },
    {
        "title": "\ud83d\udcd5 Forum Rules, General Posting Guidelines",
        "content": "<pre class=\"wp-block-heading\"><span style=\"color: #993366;\">\u24d8 Last Updated: 25 July 2025</span></pre>\r\n<h4 class=\"wp-block-heading\">\ud83d\udd30 <strong>No Spam / Advertising / Self-promote in the forums</strong></h4>\r\nThese forums define spam as unsolicited advertisement for goods, services and/or other web sites, or posts with little, or completely unrelated content. Do not spam the forums with links to your site or product, or try to self-promote your website, business or forums etc.\r\n\r\nSpamming also includes sending private messages to a large number of different users.\r\n<blockquote><strong>DO NOT ASK for email addresses or phone numbers</strong></blockquote>\r\nYour account will be banned permanently and your posts will be deleted.\r\n<h4 class=\"wp-block-heading\">\ud83d\udd30 <strong>Do not post copyright-infringing material</strong></h4>\r\nProviding or asking for information on how to illegally obtain copyrighted materials is forbidden.\r\n<h4 class=\"wp-block-heading\">\ud83d\udd30 <strong>Do not post \u201coffensive\u201d posts, links or images</strong></h4>\r\nAny material which constitutes defamation, harassment, or abuse is strictly prohibited. Material that is sexually or otherwise obscene, racist, or otherwise overly discriminatory is not permitted on these forums. This includes user pictures. Use common sense while posting.\r\n\r\n<em><span style=\"color: #339966;\">This is a web site for accountancy professionals.</span></em>\r\n<h4 class=\"wp-block-heading\">\ud83d\udd30 <strong>Do not cross post questions</strong></h4>\r\nPlease refrain from posting the same question in several forums. There is normally one forum which is most suitable in which to post your question.\r\n<h4 class=\"wp-block-heading\">\ud83d\udd30 <strong>Do not PM users asking for help</strong></h4>\r\nDo not send private messages to any users asking for help. If you need help, make a new thread in the appropriate forum then the whole community can help and benefit.\r\n<h4 class=\"wp-block-heading\">\ud83d\udd30 <strong>Remain respectful of other members at all times</strong></h4>\r\nAll posts should be professional and courteous. You have every right to disagree with your fellow community members and explain your perspective.\r\n\r\nHowever, you are not free to attack, degrade, insult, or otherwise belittle them or the quality of this community. It does not matter what title or power you hold in these forums, you are expected to obey this rule.\r\n\r\n<hr class=\"wp-block-separator\" />\r\n\r\n<h3 class=\"wp-block-heading\">\ud83d\udcac <strong>General Posting Guidelines</strong></h3>\r\nWe figured this was necessary because a lot of people come in and post threads without thinking, and without realizing that there is no possible way they could get help because of the way they posted the question. Here are some general guidelines.\r\n\r\nCurrent moderators and administrators will review applications and decide if the applicant fits the desired post. Administrators have the final say and we reserve to right to refuse applicants with or without cause.\r\n\r\n<span style=\"color: #808080;\">\ud83d\udd10 This page is written from the point-of-view of the moderators. Anywhere where it says \u201cwe\u201d, it refers to the group of forum moderators.</span>",
        "author": "1",
        "date": "2025-05-11 15:59:31",
        "forum_id": "2435",
        "replies": []
    },
    {
        "title": "Limit the number of photos, videos, and GIFs",
        "content": "<p>Limit the number of photos, videos, and GIFs you include in one post. Too many visuals may make the page slow to load.</p>",
        "author": "3",
        "date": "2025-05-11 15:20:14",
        "forum_id": "2452",
        "replies": []
    },
    {
        "title": "Limit the number of photos, videos, and GIFs",
        "content": "<p>Limit the number of photos, videos, and GIFs you include in one post. Too many visuals may make the page slow to load.</p>",
        "author": "3",
        "date": "2025-05-11 15:18:45",
        "forum_id": "2431",
        "replies": []
    },
    {
        "title": "Pick the most relevant forum for your post",
        "content": "<p>Pick the most relevant forum for your post. If you\u2019re not sure, make your best guess. A moderator can move the post for you if there\u2019s a better space for it.</p>",
        "author": "3",
        "date": "2025-05-11 15:16:29",
        "forum_id": "2438",
        "replies": [
            {
                "content": "<p>Great post! It's always wonderful to see people sharing their knowledge and insights with the community.</p><p><em>&nbsp;Keep up the good work</em><a href=\"https://buyozempiconlineuk.com/\" target=\"_blank\"><em>!</em></a></p>",
                "author": "6",
                "date": "2025-05-11 17:11:25"
            },
            {
                "content": "<p>Only moderator can move the post for you if there\u2019s a better space for it.</p>",
                "author": "1",
                "date": "2025-05-11 15:46:43"
            },
            {
                "content": "<p>Start a conversation, ask a question or share your idea.</p>",
                "author": "7",
                "date": "2025-05-11 15:27:41"
            }
        ]
    },
    {
        "title": "Prompting Tips & Tricks",
        "content": "Short and simple prompts typically generate the best images with Midjourney. Use phrases that clearly describe what you want to see. Think of it like giving a quick snapshot of your idea. Avoid making long lists or detailed instructions; these can confuse the process.\r\n\r\nthumb-down-icon.svg Show me a picture of lots of blooming California poppies, make them bright, vibrant orange, and draw them in an illustrated style with colored pencils\r\n\r\nthumb-up-icon.svg Colored pencil illustration of bright orange California poppies",
        "author": "5",
        "date": "2025-05-10 21:04:40",
        "forum_id": "1475",
        "replies": [
            {
                "content": "<p>Good job \ud83d\udc4d I added them to the list.</p>",
                "author": "3",
                "date": "2025-05-11 15:04:56"
            },
            {
                "content": "<p>Colored pencil illustration of bright orange California poppies</p>",
                "author": "8",
                "date": "2025-05-11 15:03:27"
            },
            {
                "content": "<p>Short and simple prompts typically generate the best images with Midjourney. Use phrases that clearly describe what you want to see. Think of it like giving a quick snapshot of your idea. Avoid making long lists or detailed instructions; these can confuse the process.</p>",
                "author": "1",
                "date": "2025-05-11 15:02:29"
            },
            {
                "content": "<p>dang \ud83d\udc83 what an update \ud83d\ude06 here\u2019s to hoping that <strong>shiny paint job</strong> survives for a long while yet!</p>",
                "author": "1",
                "date": "2025-05-10 21:08:08"
            }
        ]
    },
    {
        "title": "Community Highlights",
        "content": "Hello Instructors! In this monthly blog series, we would like to recognize you for all of your contributions to the Udemy Instructor Community! Whether you are just getting started on your Udemy journey, or you\u2019ve published your 10th course \u2013 all of you help make this community a better place for your fellow instructors.\r\n\r\n<strong style=\"color: #339966;\">Top Community Contributors\u00a0</strong>\r\n\r\n<span class=\"atwho-inserted\" contenteditable=\"false\" data-atwho-at-query=\"@\">@charles</span> <span class=\"atwho-inserted\" contenteditable=\"false\" data-atwho-at-query=\"@\">@elemental</span> <span class=\"atwho-inserted\" contenteditable=\"false\" data-atwho-at-query=\"@\">@philips</span>\r\n\r\nA special thank you to our top community contributors in the month of December! \ud83d\ude42\r\n\r\n#community #highlights #bbpress",
        "author": "1",
        "date": "2025-05-10 20:24:57",
        "forum_id": "2438",
        "replies": [
            {
                "content": "<p><span style=\"background-color: rgb(249, 250, 251);\">Great post! It\u2019s always wonderful to see people sharing their knowledge and insights with the community.</span></p><p><img src=\"https://one.tophivetheme.com/wp-content/uploads/2025/06/Avatar-5-2.png\"></p>",
                "author": "1",
                "date": "2025-06-03 17:32:48"
            },
            {
                "content": "<p>Great post! It's always wonderful to see people sharing their knowledge and insights with the community.</p><p><em>&nbsp;Keep up the good work</em><a href=\"https://buyozempiconlineuk.com/\" target=\"_blank\"><em>!</em></a></p>",
                "author": "6",
                "date": "2025-05-11 17:10:48"
            },
            {
                "content": "<p>Be as specific as possible in your post title, so other instructors know what you have a question about or want to discuss.</p>",
                "author": "7",
                "date": "2025-05-11 15:25:12"
            },
            {
                "content": "<p>You can\u2019t offer to pay people who post their addresses, usernames, etc.</p>",
                "author": "3",
                "date": "2025-05-11 15:06:50"
            },
            {
                "content": "<p>Good job \ud83d\udc4d I added them to the list.</p>",
                "author": "5",
                "date": "2025-05-10 20:44:44"
            }
        ]
    },
    {
        "title": "Giveaway threads are not allowed",
        "content": "<p>Most giveaway threads are no longer allowed in the Alternate cryptocurrencies sections. From now on, posting or replying to such threads could result in being banned. Existing threads will be locked.</p><p><br></p><blockquote><strong>Specifically, you are not allowed to give people any incentive to post insubstantial posts in your threads. You can\u2019t offer to pay people who post their addresses, usernames, etc. You can do giveaways off-site and link to the giveaway page in a thread, but you can\u2019t give people any bonus for replying to your thread.</strong></blockquote><p><br></p><p><em>Similar threads are already restricted to&nbsp;</em><strong><em>Games</em></strong><em>&nbsp;and&nbsp;</em><strong><em>Rounds</em></strong><em>&nbsp;in the non-altcoin sections, but the giveaway-related post volume is so high in the Metafans sections that I\u2019ve decided to just ban them entirely here.</em></p>",
        "author": "1",
        "date": "2025-05-10 20:21:39",
        "forum_id": "2438",
        "replies": [
            {
                "content": "<p>Great post! It's always wonderful to see people sharing their knowledge and insights with the community.</p><p><em>&nbsp;Keep up the good work</em><a href=\"https://buyozempiconlineuk.com/\" target=\"_blank\"><em>!</em></a></p>",
                "author": "6",
                "date": "2025-05-11 17:11:35"
            },
            {
                "content": "<p>Limit the number of photos, videos, and GIFs you include in one post. Too many visuals may make the page slow to load.</p>",
                "author": "7",
                "date": "2025-05-11 15:26:04"
            },
            {
                "content": "<p>Good job \ud83d\udc4d I added them to the list.</p>",
                "author": "3",
                "date": "2025-05-11 15:07:39"
            },
            {
                "content": "<p>You can\u2019t offer to pay people who post their addresses, usernames, etc.</p>",
                "author": "3",
                "date": "2025-05-11 15:07:23"
            },
            {
                "content": "<p>You can\u2019t offer to pay people who post their addresses, usernames, etc.</p>",
                "author": "5",
                "date": "2025-05-10 20:22:59"
            }
        ]
    },
    {
        "title": "Random Crypto Giveaway / Airdrop",
        "content": "<p>Pick the most relevant forum for your post. If you\u2019re not sure, make your best guess. A moderator can move the post for you if there\u2019s a better space for it.</p>",
        "author": "1",
        "date": "2025-05-10 20:05:16",
        "forum_id": "1475",
        "replies": []
    },
    {
        "title": "MidJourney Update: New Tools for Organization Introduced",
        "content": "<strong>Hi everyone!</strong>\r\n\r\nWe\u2019ve added a new folder and organization system to the website. Check out the video below for a nice overview.\r\n\r\n<strong>Some highlights:</strong>\r\n\r\n\u27e1 A new Folders menu is available on both the Create and Organize pages\r\n\r\n\u27e1 When you\u2019re viewing a folder, all the images you create will be added to that folder automatically\r\n\r\n\u27e1 Folders can be placed into groups to let you sort related projects or ideas.\r\n\r\n\u27e1 You can add images to multiple folders. If an image is within folders, they will be shown in the lightbox\r\n\r\n\u27e1 It\u2019s now possible to download all the images in a folder just by right-clicking on it and choosing \u201cDownload\u201d\r\n\r\n\u27e1 You can add items to folders by right-clicking an image, dragging images into folder, or clicking the folder button inside the lightbox\r\n\r\n&nbsp;\r\n\r\n<strong><em>We hope these tools will let you manage more and bigger projects as you enjoy using Midjourney!</em></strong>",
        "author": "1",
        "date": "2025-05-10 19:28:41",
        "forum_id": "1470",
        "replies": [
            {
                "content": "<p>I also suggest checking out this&nbsp;<a href=\"https://one.tophivetheme.com/groups/midjourney-ai/forum/topic/explore-the-frontiers-of-imagination/#\" target=\"_blank\"><strong>step-by-step guide</strong></a>&nbsp;to get your community profile up to date. Updating your profile is a great way to showcase your skills, interests, goals, and more!</p>",
                "author": "9",
                "date": "2025-05-11 17:29:56"
            },
            {
                "content": "<p>Great post! It\u2019s always wonderful to see people sharing their knowledge and insights with the community.</p><p><em>Keep up the good work</em><a href=\"https://buyozempiconlineuk.com/\" target=\"_blank\"><em>!</em></a></p>",
                "author": "6",
                "date": "2025-05-11 17:24:24"
            }
        ]
    },
    {
        "title": "Do you think the days also attributes to a successful trading?",
        "content": "<p>Well, I don't know how to classify this question but I think we should put heads together to reason out something much more better as I know that, if gambling could have days of which one could either secure winning or nearly have winning then, trading should also have better days which someone should make profits from the market.</p><p><br></p><p>Though, for FX I admits that there are days just like the weekend or weekly days,&nbsp;but I don't think if the cryptocurrency also adhered to this principle especially Bitcoin maybe I could be wrongly, but you stand a better chance to correct me.</p><p><br></p><p>What do you think.</p>",
        "author": "1",
        "date": "2025-05-06 00:38:32",
        "forum_id": "2452",
        "replies": [
            {
                "content": "<p>Limit the number of photos, videos, and GIFs you include in one post. Too many visuals may make the page slow to load.</p>",
                "author": "7",
                "date": "2025-05-11 15:26:36"
            },
            {
                "content": "<p>Start a conversation, ask a question or share your idea.</p>",
                "author": "3",
                "date": "2025-05-11 15:09:58"
            },
            {
                "content": "<p><strong>I remember advising one of my friends, who is an expert in trading.</strong></p><p>He said that if you want to increase your chances of making a profit in trading, you should trade on weekdays since most financial markets, including crypto, primarily operate during this time.&nbsp;This means the market has active traders and high liquidity.&nbsp;While weekends can be good, they don't compare to weekdays even though the cryptomarket operates 24/7.</p>",
                "author": "8",
                "date": "2025-05-06 00:40:09"
            }
        ]
    },
    {
        "title": "Explore the frontiers of imagination | MidJourney for Web",
        "content": "<strong>MidJourney</strong> has opened up the web platform to everyone! Now you can explore and create in a custom-built experience. Explore the Frontiers of Imagination With the world\u2019s most advanced image models and regular updates with community steered roadmaps.\r\n\r\n<strong><a href=\"https://one.tophivetheme.com/groups/midjourney-ai/forum/topic/midjourney-update-new-tools-for-organization-introduced/\" rel=\"noopener\">Read more</a></strong>",
        "author": "5",
        "date": "2025-05-06 00:11:55",
        "forum_id": "1470",
        "replies": [
            {
                "content": "<p>I also suggest checking out this&nbsp;<a href=\"https://one.tophivetheme.com/groups/midjourney-ai/forum/topic/explore-the-frontiers-of-imagination/#\" target=\"_blank\">step-by-step guide</a>&nbsp;to get your community profile up to date. Updating your profile is a great way to showcase your skills, interests, goals, and more!</p>",
                "author": "9",
                "date": "2025-05-11 17:29:06"
            },
            {
                "content": "<p>Great post! It\u2019s always wonderful to see people sharing their knowledge and insights with the community.</p><p><em>Keep up the good work</em><a href=\"https://buyozempiconlineuk.com/\" target=\"_blank\" style=\"color: rgb(0, 95, 178);\"><em>!</em></a></p>",
                "author": "1",
                "date": "2025-05-11 17:25:29"
            }
        ]
    },
    {
        "title": "Introducing AquaScript: \ud83d\ude80 Your Go-To Fake JSON API for Seamless Development",
        "content": "<strong>TL;DR:</strong>\u00a0<em>We built AquaScript to tackle a problem developers face daily \u2014 getting realistic, ready-to-use test data without setting up a backend. It\u2019s free, fast, and live. Try it now and streamline your development workflow:\u00a0</em><a href=\"https://aquascript.xyz/\" target=\"_blank\" rel=\"noopener\"><em>Aquascript (Free-Json-API)</em></a>\r\n\r\n<strong>\ud83c\udf31 Why We Built AquaScript</strong>\r\n\r\nAs devs, we\u2019ve all been there:\r\n\r\n\u2705 Prototyping a frontend but waiting on backend endpoints\r\n\r\n\u2705 Needing fake but realistic data \u2014 nothing sensitive\r\n\r\n\u2705 Spending hours crafting mock datasets by hand\r\n\r\nEnter\u00a0<strong>AquaScript</strong>: A blazing-fast fake JSON API that gives developers instant access to clean, categorized, and realistic test data.\r\n\r\n<strong>\u2728 What Makes AquaScript Special</strong>\r\n\r\nAquaScript offers a growing library of realistic, categorized data:\r\n<ul>\r\n \t<li>\ud83d\udcda\u00a0<strong>Books</strong>\u00a0&amp;\u00a0<strong>BooksV2</strong>\u00a0(Basic and extended book info)</li>\r\n \t<li>\ud83d\udcac\u00a0<strong>Quotes</strong>\u00a0&amp;\u00a0<strong>QuotesV2</strong>\u00a0(Inspirational, funny, and deep quotes)</li>\r\n \t<li>\ud83c\udfac\u00a0<strong>MoviesData</strong>\u00a0&amp;\u00a0<strong>MoviesDataV2</strong>\u00a0(Film titles, genres, ratings, etc.)</li>\r\n \t<li>\ud83d\ude02\u00a0<strong>Jokes</strong>\u00a0&amp;\u00a0<strong>Programming-Jokes</strong>\u00a0(For those console.log chuckles)</li>\r\n \t<li>\ud83d\udc64\u00a0<strong>RandomUser</strong>\u00a0(Mock user profiles with avatars)</li>\r\n \t<li>\ud83c\udf72\u00a0<strong>Recipes</strong>\u00a0(Realistic food data with random recipes)</li>\r\n \t<li>\ud83c\udfb5\u00a0<strong>Songs</strong>\u00a0(Track names, artists, genres)</li>\r\n</ul>\r\n<blockquote>...and more endpoints are cooking. Keep an eye out! \ud83d\udc40</blockquote>\r\n\u26a1\u00a0<strong>Lightning Fast</strong>\r\n\r\nSub-100ms response times globally \ud83c\udf0d\r\n\r\n<strong>\ud83d\udd0c Zero Configuration</strong>\r\n\r\nNo auth required. Just hit an endpoint and go (API keys for advanced usage coming soon).",
        "author": "3",
        "date": "2025-05-05 23:50:51",
        "forum_id": "2433",
        "replies": [
            {
                "content": "<p><em>Getting realistic, ready-to-use test data without setting up a backend. It\u2019s free, fast, and live. Try it now and streamline your development workflow:&nbsp;</em><a href=\"https://aquascript.xyz/\" target=\"_blank\" style=\"background-color: rgb(255, 255, 255); color: rgb(17, 24, 39);\"><em>Aquascript (Free-Json-API)</em></a>.</p>",
                "author": "1",
                "date": "2025-05-06 00:24:50"
            },
            {
                "content": "<p>Prototyping a frontend but waiting on backend endpoints \ud83c\udfac</p>",
                "author": "5",
                "date": "2025-05-06 00:03:02"
            }
        ]
    },
    {
        "title": "What lead to permanent ban",
        "content": "<h4><strong>Advertising for another source other than One.Communiy</strong></h4>\r\nSelf promotion, social networks, ..etc. Authorized links are those of upload sites, Themeforest or identical website and <strong>One.Communiy</strong> links.\r\n<h5><strong>Disrespect</strong></h5>\r\nTo another member or to staff members. Racist, discriminating, religious intonations. If you are hateful, angry, anxious, or with any other mental imbalance: please take a break and do not log into <strong>One.Communiy</strong> to say bullshit. Because with just one click, we will no longer hear from you, you will never have existed for us and we don't like to do it unless you push us to do it yourself by your attitude.\r\n<h5><strong>Dangerous Affiliate Links</strong></h5>\r\nAny affiliate link judged, by the <strong>One.Communiy</strong> staff, as dangerous or harmful to the user. Affiliate links that lead to sources that spread malicious content and violate the privacy of the user.\r\n<h5><strong>Trying to sell or make a deal without have the requirements</strong></h5>\r\nMany of you think that <strong>One.Communiy</strong> is the hometown market or a fish market, you come here and piss on the rules and on us by the way. And think yourself smart and trying to sell: this is prohibited and this send you directly on vacation without return back.\r\n<blockquote>\r\n<h5>If you want to sell, it must be an exclusive product and not available for free on the Internet.</h5>\r\n<h5>Then you can contact <span class=\"atwho-inserted\" contenteditable=\"false\" data-atwho-at-query=\"@ad\">@admin</span>\u00a0to find out how to sell it.</h5>\r\n</blockquote>\r\n\ud83d\udd10<em> Last update: 2025-2-18</em>",
        "author": "1",
        "date": "2025-05-05 23:25:36",
        "forum_id": "2435",
        "replies": []
    },
    {
        "title": "How to set up such a publishing page?",
        "content": "<h3><strong>History, Purpose and Usage</strong></h3><p><br></p><p>Lorem ipsum, or lipsum as it is sometimes known, is dummy text used in laying out print, graphic or web designs. The passage is attributed to an unknown typesetter in the 15th century who is thought to have scrambled parts of Cicero's De Finibus Bonorum et Malorum for use in a type specimen book. It usually begins with:</p><blockquote>\u201cLorem ipsum dolor sit amet, consectetur adipiscing elit, sed do eiusmod tempor incididunt ut labore et dolore magna aliqua.\u201d</blockquote><p><br></p><p>The purpose of lorem ipsum is to create a natural looking block of text (sentence, paragraph, page, etc.) that doesn't distract from the layout. A practice not without controversy, laying out pages with meaningless filler text can be very useful when the focus is meant to be on design, not content.</p><p>The passage experienced a surge in popularity during the 1960s when Letraset used it on their dry-transfer sheets, and again during the 90s as desktop publishers bundled the text with their software. Today it's seen all around the web; on templates, websites, and stock designs. Use our generator to get your own, or read on for the authoritative history of lorem ipsum.</p>",
        "author": "1",
        "date": "2025-05-05 23:18:49",
        "forum_id": "2438",
        "replies": [
            {
                "content": "<p>Great post! It's always wonderful to see people sharing their knowledge and insights with the community.</p><p><em>&nbsp;Keep up the good work</em><a href=\"https://buyozempiconlineuk.com/\" target=\"_blank\"><em>!</em></a></p>",
                "author": "6",
                "date": "2025-05-11 17:11:45"
            },
            {
                "content": "<p>Start a conversation, ask a question or share your idea.</p>",
                "author": "7",
                "date": "2025-05-11 15:25:32"
            },
            {
                "content": "<p>Good job \ud83d\udc4d I added them to the list.</p>",
                "author": "3",
                "date": "2025-05-11 15:08:08"
            },
            {
                "content": "<p>The purpose of lorem ipsum is to create a natural looking block of text (sentence, paragraph, page, etc.) that doesn\u2019t distract from the layout. A practice not without controversy, laying out pages with meaningless filler text can be very useful when the focus is meant to be on design, not content.</p>",
                "author": "1",
                "date": "2025-05-10 17:58:47"
            },
            {
                "content": "<p><span>Hey fellas, We've deployed on-chain mafia game finally on Polygon network. We're moving fast and planning to migrate our game on Solana. I want to get some insights about my project.</span></p><p><em>Would you kindly take some moments to review my project? I really want to hear your idea.</em></p>",
                "author": "7",
                "date": "2025-05-05 23:31:14"
            }
        ]
    },
    {
        "title": "Currency Exchange rules and guidelines",
        "content": "<p>1. Altcoin (LTC, NMC, FTC, etc.) trades belong in Marketplace (Altcoins). However, if the trade involves bitcoin (ie. Buying Bitcoins and cows), it can stay.</p><p><br></p><p>2. Do not have more than one active sales topic. If you need more visibility, you can bump your thread every 24 hours.</p><p><br></p><p><a href=\"#\" target=\"_blank\" style=\"color: rgb(71, 108, 142);\">Rules inherited from Marketplace</a>:</p><p>3. Insert a [CLOSED] tag to the subject line when your offer is no more open.</p><p><br></p><p>4. Bumps are limited to once per day (24 hours), yes this includes \"updates\", that's what the edit button is for. Old bumps should be deleted as they serve no purpose, and only clutter up topics and make it more annoying to read.</p><p>It is pitch black. You are likely to be eaten by a grue.</p>",
        "author": "1",
        "date": "2025-05-05 22:56:51",
        "forum_id": "1475",
        "replies": []
    },
    {
        "title": "Gaming legends prison",
        "content": "<p>I really can\u2019t believe that their is&nbsp;<strong>30 gaming legends skins</strong>&nbsp;but almost half of them haven\u2019t came back. It\u2019s really sad to see all these collabs just rot due to licensing issues or&nbsp;<em>whatever else</em>&nbsp;might be preventing them from coming.</p><p><em>I feel like any of these collabs would be a welcomed especially to break up the monotony of the same collabs every other week.</em></p>",
        "author": "5",
        "date": "2025-05-04 00:36:48",
        "forum_id": "1472",
        "replies": [
            {
                "content": "<p><span>If you refer to what happens behind the scenes, you are referring to&nbsp;</span><strong>what happens during the making of a film, play, or radio or television programme</strong><span>.</span></p>",
                "author": "9",
                "date": "2025-05-05 22:05:36"
            },
            {
                "content": "<p>No one will&nbsp;<strong>Promote/Sell</strong>&nbsp;<em>anything</em>&nbsp;on this league of legends community it will be deleted and will get you banned if you keep reposting it.</p><p><em>Thank you and have a nice day!</em></p>",
                "author": "10",
                "date": "2025-05-04 00:37:56"
            }
        ]
    },
    {
        "title": "Can this be considered a copyright infringement? Example images",
        "content": "<p>Hello \ud83d\ude42</p><p>I used img2img stable diffusion on this pixel art. Can these results be still considered a copyright infringement? Im very lost at this and I dont want to produce something, which I can than be legally attacked as a stealing someones art. My gut tells me, that the stuff on the right is a re-imagination of the stuff on the left. Yes, they share similar poses, as they are animals, but its completely different style.</p><p><em>Thank you for your opinion!</em></p>",
        "author": "1",
        "date": "2025-04-29 07:28:36",
        "forum_id": "1470",
        "replies": [
            {
                "content": "<p>I also suggest checking out this&nbsp;<a href=\"https://one.tophivetheme.com/groups/midjourney-ai/forum/topic/explore-the-frontiers-of-imagination/#\" target=\"_blank\"><strong>step-by-step guide</strong></a>&nbsp;to get your community profile up to date. Updating your profile is a great way to showcase your skills, interests, goals, and more!</p>",
                "author": "9",
                "date": "2025-05-11 17:30:12"
            },
            {
                "content": "<p>Great post! It's always wonderful to see people sharing their knowledge and insights with the community.</p><p><em>Keep up the good work</em><a href=\"https://buyozempiconlineuk.com/\" target=\"_blank\" style=\"color: rgb(0, 95, 178);\"><em>!</em></a></p>",
                "author": "1",
                "date": "2025-05-11 17:14:10"
            },
            {
                "content": "<p>Can these results be still considered a copyright infringement?</p>",
                "author": "5",
                "date": "2025-04-29 08:02:01"
            }
        ]
    }
]